ICD10	OMIM
ICD-10:L65.1	OMIM:600628
ICD-10:M79.6	OMIM:615552
ICD-10:C75.0	OMIM:608266
ICD-10:E80.0	OMIM:177000
ICD-10:M35.8	OMIM:615952
ICD-10:Q93.2	OMIM:616606
ICD-10:C40.2	OMIM:102660
ICD-10:N03.6	OMIM:609814
ICD-10:G60.2	OMIM:616267
ICD-10:E75.0	OMIM:272800
ICD-10:M31.6	OMIM:187360
ICD-10:K72.0	OMIM:615438
ICD-10:C16.9	OMIM:137215
ICD-10:C45.0	OMIM:156240
ICD-10:L60.5	OMIM:153300
ICD-10:H49.1	OMIM:136480
ICD-10:G93.2	OMIM:243200
ICD-10:E83.2	OMIM:617595
ICD-10:G47.3	OMIM:209880
ICD-10:G47.3	OMIM:619483
ICD-10:G47.3	OMIM:619482
ICD-10:M35.0	OMIM:270150
ICD-10:E75.0	OMIM:272750
ICD-10:E74.2	OMIM:230350
ICD-10:Q93.3	OMIM:194190
ICD-10:Q23.8	OMIM:314400
ICD-10:C41.9	OMIM:259500
ICD-10:G37.8	OMIM:610532
ICD-10:Q20.6	OMIM:208530
ICD-10:J84.8	OMIM:616414
ICD-10:E71.0	OMIM:248600
ICD-10:E71.0	OMIM:615135
ICD-10:C71.9	OMIM:137800
ICD-10:C71.9	OMIM:613029
ICD-10:C71.6	OMIM:155255
ICD-10:D39.1	OMIM:424500
ICD-10:Q13.1	OMIM:106210
ICD-10:Q13.1	OMIM:617141
ICD-10:Q13.1	OMIM:617142
ICD-10:Q68.1	OMIM:119900
ICD-10:K90.8	OMIM:214700
ICD-10:Q75.3	OMIM:615637
ICD-10:E75.5	OMIM:278000
ICD-10:P78.3	OMIM:610370
ICD-10:D48.7	OMIM:606690
ICD-10:Q76.1	OMIM:616549
ICD-10:L90.8	OMIM:201200
ICD-10:I73.8	OMIM:613834
ICD-10:I68.0*	OMIM:605714
ICD-10:Q04.0	OMIM:200990
ICD-10:E83.2	OMIM:201100
ICD-10:D55.1	OMIM:266130
ICD-10:D55.1	OMIM:231900
ICD-10:M12.8	OMIM:208250
ICD-10:E25.8	OMIM:613546
ICD-10:J98.4	OMIM:178610
ICD-10:E26.0	OMIM:613677
ICD-10:Q51.8	OMIM:277000
ICD-10:Q03.1	OMIM:220200
ICD-10:E78.8	OMIM:236490
ICD-10:E78.8	OMIM:228600
ICD-10:Q99.2	OMIM:309548
ICD-10:C06.9	OMIM:275355
ICD-10:C08.8	OMIM:275355
ICD-10:C07	OMIM:275355
ICD-10:D15.0	OMIM:274230
ICD-10:D38.4	OMIM:274230
ICD-10:D68.0	OMIM:613554
ICD-10:Q10.3	OMIM:167730
ICD-10:E88.2	OMIM:613001
ICD-10:Q03.8	OMIM:236600
ICD-10:Q03.1	OMIM:236600
ICD-10:I45.6	OMIM:108950
ICD-10:D80.8	OMIM:614102
ICD-10:E80.1	OMIM:176090
ICD-10:E80.1	OMIM:176100
ICD-10:Q67.4	OMIM:141350
ICD-10:B65.1	OMIM:181460
ICD-10:B65.3	OMIM:181460
ICD-10:B65.9	OMIM:181460
ICD-10:B65.8	OMIM:181460
ICD-10:B65.2	OMIM:181460
ICD-10:B65.0	OMIM:181460
ICD-10:L94.8	OMIM:115250
ICD-10:D68.5	OMIM:613116
ICD-10:N07.8	OMIM:611771
ICD-10:D55.1	OMIM:230450
ICD-10:E75.5	OMIM:275630
ICD-10:K83.0	OMIM:617394
ICD-10:E80.5	OMIM:218800
ICD-10:C92.0	OMIM:601626
ICD-10:E16.1	OMIM:602485
ICD-10:Q99.2	OMIM:300624
ICD-10:Q38.6	OMIM:303400
ICD-10:O01.0	OMIM:614293
ICD-10:O01.0	OMIM:231090
ICD-10:O01.0	OMIM:618432
ICD-10:O01.0	OMIM:618431
ICD-10:Q92.6	OMIM:609029
ICD-10:Q28.8	OMIM:606519
ICD-10:Q28.8	OMIM:140850
ICD-10:C96.7	OMIM:616871
ICD-10:M05.0	OMIM:134750
ICD-10:E07.1	OMIM:274600
ICD-10:G10	OMIM:300842
ICD-10:D56.1	OMIM:613985
ICD-10:E23.2	OMIM:125700
ICD-10:E23.2	OMIM:304900
ICD-10:Q70.2	OMIM:608180
ICD-10:Q70.2	OMIM:186000
ICD-10:Q70.2	OMIM:610234
ICD-10:N31.8	OMIM:236730
ICD-10:N31.8	OMIM:615112
ICD-10:Q28.3	OMIM:603284
ICD-10:Q28.3	OMIM:603285
ICD-10:Q28.3	OMIM:619538
ICD-10:Q28.3	OMIM:116860
ICD-10:Q51.2	OMIM:140000
ICD-10:Q38.2	OMIM:153630
ICD-10:G96.8	OMIM:614325
ICD-10:M11.2	OMIM:610455
ICD-10:E88.0	OMIM:615604
ICD-10:E22.1	OMIM:615555
ICD-10:E80.2	OMIM:176100
ICD-10:E75.1	OMIM:230500
ICD-10:E75.1	OMIM:230600
ICD-10:E75.1	OMIM:230650
ICD-10:G90.1	OMIM:223900
ICD-10:M60.8	OMIM:147421
ICD-10:E05.8	OMIM:609152
ICD-10:E72.4	OMIM:619075
ICD-10:P83.2	OMIM:236750
ICD-10:Q44.7	OMIM:610205
ICD-10:Q66.8	OMIM:192950
ICD-10:E22.0	OMIM:300942
ICD-10:D21.9	OMIM:234820
ICD-10:G82.4	OMIM:270950
ICD-10:E78.8	OMIM:277175
ICD-10:Q24.4	OMIM:271950
ICD-10:F84.2	OMIM:300672
ICD-10:F84.2	OMIM:617904
ICD-10:F84.2	OMIM:617903
ICD-10:F84.2	OMIM:613454
ICD-10:F84.2	OMIM:312750
ICD-10:I01.1	OMIM:268240
ICD-10:I01.8	OMIM:268240
ICD-10:I01.9	OMIM:268240
ICD-10:I01.2	OMIM:268240
ICD-10:I01.0	OMIM:268240
ICD-10:I00	OMIM:268240
ICD-10:E20.1	OMIM:612463
ICD-10:D16.9	OMIM:127820
ICD-10:M61.5	OMIM:166350
ICD-10:M92.5	OMIM:259200
ICD-10:M92.5	OMIM:188700
ICD-10:C41.9	OMIM:165660
ICD-10:Q79.0	OMIM:222400
ICD-10:Q79.0	OMIM:142340
ICD-10:Q79.0	OMIM:306950
ICD-10:Q79.0	OMIM:610187
ICD-10:Q84.3	OMIM:614149
ICD-10:Q84.3	OMIM:107000
ICD-10:Q32.1	OMIM:215800
ICD-10:Q55.8	OMIM:261550
ICD-10:Q07.0	OMIM:118420
ICD-10:M34.8	OMIM:613471
ICD-10:L63.0	OMIM:104000
ICD-10:L63.0	OMIM:300042
ICD-10:L63.0	OMIM:610753
ICD-10:E80.2	OMIM:612740
ICD-10:Q27.8	OMIM:138000
ICD-10:D68.3	OMIM:614486
ICD-10:Q82.2	OMIM:154800
ICD-10:Q79.3	OMIM:230750
ICD-10:G10	OMIM:143100
ICD-10:H51.2	OMIM:165150
ICD-10:K90.3	OMIM:614338
ICD-10:Q76.3	OMIM:113500
ICD-10:Q84.3	OMIM:206800
ICD-10:D80.5	OMIM:608106
ICD-10:D80.5	OMIM:608184
ICD-10:D80.5	OMIM:606843
ICD-10:M11.2	OMIM:617994
ICD-10:M11.2	OMIM:617993
ICD-10:M11.2	OMIM:211900
ICD-10:N10	OMIM:607665
ICD-10:H31.2	OMIM:303100
ICD-10:H90.0	OMIM:128980
ICD-10:H52.1	OMIM:614292
ICD-10:H52.1	OMIM:608908
ICD-10:H52.1	OMIM:615431
ICD-10:C44.9	OMIM:109400
ICD-10:E22.2	OMIM:300539
ICD-10:Q10.3	OMIM:126300
ICD-10:Q78.4	OMIM:614569
ICD-10:D81.5	OMIM:613179
ICD-10:E16.1	OMIM:256450
ICD-10:K07.0	OMIM:273050
ICD-10:Q56.2	OMIM:264270
ICD-10:Q79.4	OMIM:100100
ICD-10:D55.3	OMIM:612631
ICD-10:I77.8	OMIM:192315
ICD-10:Q16.5	OMIM:610706
ICD-10:K83.1	OMIM:605479
ICD-10:I95.1	OMIM:604715
ICD-10:Q81.2	OMIM:131750
ICD-10:I77.8	OMIM:182410
ICD-10:Q14.2	OMIM:120430
ICD-10:C71.9	OMIM:616568
ICD-10:Q51.8	OMIM:158330
ICD-10:M87.8	OMIM:608805
ICD-10:M87.8	OMIM:617383
ICD-10:E78.8	OMIM:247100
ICD-10:Q45.8	OMIM:615710
ICD-10:L81.7	OMIM:106050
ICD-10:L81.7	OMIM:300652
ICD-10:Q74.1	OMIM:168860
ICD-10:C41.3	OMIM:612219
ICD-10:C41.2	OMIM:612219
ICD-10:C40.2	OMIM:612219
ICD-10:C40.3	OMIM:612219
ICD-10:C40.0	OMIM:612219
ICD-10:C40.1	OMIM:612219
ICD-10:C41.4	OMIM:612219
ICD-10:Q25.3	OMIM:185500
ICD-10:Q06.2	OMIM:222500
ICD-10:K63.8	OMIM:520100
ICD-10:K63.8	OMIM:618662
ICD-10:D89.1	OMIM:123550
ICD-10:Q32.1	OMIM:603569
ICD-10:D68.0	OMIM:277480
ICD-10:E34.5	OMIM:312300
ICD-10:E75.5	OMIM:610717
ICD-10:D75.1	OMIM:263400
ICD-10:C22.0	OMIM:114550
ICD-10:N11.8	OMIM:137920
ICD-10:Q86.8	OMIM:609442
ICD-10:K07.8	OMIM:166750
ICD-10:B50.9	OMIM:611162
ICD-10:B50.8	OMIM:611162
ICD-10:B53.1	OMIM:611162
ICD-10:B51.8	OMIM:611162
ICD-10:B53.0	OMIM:611162
ICD-10:B52.8	OMIM:611162
ICD-10:B53.8	OMIM:611162
ICD-10:B52.0	OMIM:611162
ICD-10:B50.0	OMIM:611162
ICD-10:B51.0	OMIM:611162
ICD-10:B51.9	OMIM:611162
ICD-10:B52.9	OMIM:611162
ICD-10:B54	OMIM:611162
ICD-10:N16.3*	OMIM:219900
ICD-10:E72.0+	OMIM:219900
ICD-10:C91.0	OMIM:247640
ICD-10:C91.0	OMIM:613067
ICD-10:C91.0	OMIM:613065
ICD-10:E04.2	OMIM:138800
ICD-10:M61.1	OMIM:135100
ICD-10:N04.2	OMIM:614692
ICD-10:D18.1	OMIM:257350
ICD-10:E20.1	OMIM:612462
ICD-10:E50.8	OMIM:115300
ICD-10:E50.8	OMIM:277350
ICD-10:C46.2	OMIM:148000
ICD-10:C46.9	OMIM:148000
ICD-10:C46.1	OMIM:148000
ICD-10:C46.7	OMIM:148000
ICD-10:C46.0	OMIM:148000
ICD-10:C46.8	OMIM:148000
ICD-10:C46.3	OMIM:148000
ICD-10:D82.3	OMIM:613011
ICD-10:I49.5	OMIM:608567
ICD-10:I49.5	OMIM:163800
ICD-10:I49.5	OMIM:614090
ICD-10:I49.5	OMIM:619464
ICD-10:I49.5	OMIM:182190
ICD-10:J67.2	OMIM:145300
ICD-10:E20.8	OMIM:146200
ICD-10:Q78.6	OMIM:133700
ICD-10:Q78.6	OMIM:133701
ICD-10:Q78.6	OMIM:600209
ICD-10:Q17.8	OMIM:221300
ICD-10:D59.5	OMIM:300818
ICD-10:D59.5	OMIM:615399
ICD-10:Q10.3	OMIM:110100
ICD-10:Q23.1	OMIM:109730
ICD-10:Q23.1	OMIM:614823
ICD-10:H26.0	OMIM:136520
ICD-10:Q33.6	OMIM:265430
ICD-10:B27.0	OMIM:226990
ICD-10:K00.2	OMIM:200970
ICD-10:Q38.0	OMIM:604547
ICD-10:Q38.0	OMIM:119300
ICD-10:Q38.0	OMIM:606713
ICD-10:D82.4	OMIM:147060
ICD-10:Q76.8	OMIM:616566
ICD-10:Q76.8	OMIM:608681
ICD-10:Q76.8	OMIM:609813
ICD-10:Q76.8	OMIM:613686
ICD-10:Q76.8	OMIM:277300
ICD-10:P59.8	OMIM:237900
ICD-10:G25.5	OMIM:118700
ICD-10:G25.5	OMIM:215450
ICD-10:L40.1	OMIM:614204
ICD-10:L40.1	OMIM:616106
ICD-10:C91.8	OMIM:113970
ICD-10:C83.7	OMIM:113970
ICD-10:E25.8	OMIM:615962
ICD-10:E76.1	OMIM:309900
ICD-10:Q04.6	OMIM:175780
ICD-10:Q04.6	OMIM:614483
ICD-10:Q77.0	OMIM:600972
ICD-10:D72.8	OMIM:614172
ICD-10:E26.0	OMIM:605635
ICD-10:E24.0	OMIM:219090
ICD-10:D35.2	OMIM:219090
ICD-10:C22.0	OMIM:616200
ICD-10:Q31.8	OMIM:150300
ICD-10:Q25.5	OMIM:178370
ICD-10:Q41.8	OMIM:243600
ICD-10:Q41.9	OMIM:243600
ICD-10:Q41.0	OMIM:243600
ICD-10:Q41.1	OMIM:243600
ICD-10:Q41.2	OMIM:243600
ICD-10:Q22.6	OMIM:265150
ICD-10:Q22.4	OMIM:605067
ICD-10:Q41.0	OMIM:223400
ICD-10:Q27.3	OMIM:608354
ICD-10:E83.0	OMIM:304150
ICD-10:N03.5	OMIM:305800
ICD-10:N03.5	OMIM:609814
ICD-10:N03.5	OMIM:615008
ICD-10:N03.5	OMIM:614809
ICD-10:Q13.0	OMIM:120200
ICD-10:E74.1	OMIM:229600
ICD-10:Q70.4	OMIM:174700
ICD-10:Q81.1	OMIM:619786
ICD-10:Q81.1	OMIM:226700
ICD-10:E51.2	OMIM:607483
ICD-10:Q61.8	OMIM:613550
ICD-10:Q61.8	OMIM:616217
ICD-10:C90.0	OMIM:254500
ICD-10:P78.3	OMIM:613217
ICD-10:Q38.6	OMIM:193900
ICD-10:Q38.6	OMIM:615785
ICD-10:L81.4	OMIM:614323
ICD-10:K06.1	OMIM:609955
ICD-10:K06.1	OMIM:617626
ICD-10:K06.1	OMIM:605544
ICD-10:K06.1	OMIM:135300
ICD-10:K06.1	OMIM:611010
ICD-10:I42.4	OMIM:226000
ICD-10:L68.8	OMIM:135400
ICD-10:M72.8	OMIM:228600
ICD-10:N08.5*	OMIM:233450
ICD-10:M31.0+	OMIM:233450
ICD-10:A81.0	OMIM:123400
ICD-10:Q84.0	OMIM:601553
ICD-10:Q71.3	OMIM:102650
ICD-10:Q93.8	OMIM:194050
ICD-10:Q71.8	OMIM:272150
ICD-10:H90.6	OMIM:304350
ICD-10:P83.2	OMIM:617300
ICD-10:H50.8	OMIM:615286
ICD-10:M31.3	OMIM:608710
ICD-10:Q28.8	OMIM:614437
ICD-10:D56.1	OMIM:603902
ICD-10:F80.3	OMIM:245570
ICD-10:I68.0*	OMIM:176500
ICD-10:E74.2	OMIM:230200
ICD-10:I68.0*	OMIM:117300
ICD-10:C81.9	OMIM:236000
ICD-10:C81.2	OMIM:236000
ICD-10:C81.0	OMIM:236000
ICD-10:C81.3	OMIM:236000
ICD-10:C81.7	OMIM:236000
ICD-10:C81.1	OMIM:236000
ICD-10:C81.4	OMIM:236000
ICD-10:C81.9	OMIM:300221
ICD-10:C81.2	OMIM:300221
ICD-10:C81.0	OMIM:300221
ICD-10:C81.3	OMIM:300221
ICD-10:C81.7	OMIM:300221
ICD-10:C81.1	OMIM:300221
ICD-10:C81.4	OMIM:300221
ICD-10:C81.9	OMIM:400021
ICD-10:C81.2	OMIM:400021
ICD-10:C81.0	OMIM:400021
ICD-10:C81.3	OMIM:400021
ICD-10:C81.7	OMIM:400021
ICD-10:C81.1	OMIM:400021
ICD-10:C81.4	OMIM:400021
ICD-10:E83.8	OMIM:617013
ICD-10:Q77.1	OMIM:187600
ICD-10:M86.3	OMIM:259680
ICD-10:G25.0	OMIM:190310
ICD-10:L81.4	OMIM:614233
ICD-10:L81.4	OMIM:145250
ICD-10:D31.1	OMIM:180550
ICD-10:K86.1	OMIM:167800
ICD-10:E70.2	OMIM:276700
ICD-10:Q16.1	OMIM:600674
ICD-10:Q16.0	OMIM:600674
ICD-10:Q70.2	OMIM:186300
ICD-10:D15.1	OMIM:255960
ICD-10:Q77.1	OMIM:187601
ICD-10:Q77.1	OMIM:156830
ICD-10:E74.2	OMIM:230400
ICD-10:D76.3	OMIM:269600
ICD-10:D76.3	OMIM:142630
ICD-10:K56.0	OMIM:619350
ICD-10:K56.0	OMIM:155310
ICD-10:E75.0	OMIM:268800
ICD-10:Q31.5	OMIM:150280
ICD-10:Q31.0	OMIM:150360
ICD-10:J38.0	OMIM:308850
ICD-10:C15.3	OMIM:133239
ICD-10:C15.1	OMIM:133239
ICD-10:C15.0	OMIM:133239
ICD-10:C15.4	OMIM:133239
ICD-10:D52.8	OMIM:613839
ICD-10:N08.2	OMIM:609057
ICD-10:Q96.8	OMIM:616185
ICD-10:Q78.4	OMIM:166000
ICD-10:K07.1	OMIM:176700
ICD-10:E53.8	OMIM:193090
ICD-10:I71.1	OMIM:300989
ICD-10:Q04.5	OMIM:155350
ICD-10:Q04.5	OMIM:248000
ICD-10:Q77.0	OMIM:200610
ICD-10:K86.1	OMIM:608189
ICD-10:Q77.0	OMIM:200600
ICD-10:F72.8	OMIM:613671
ICD-10:Q74.3	OMIM:618484
ICD-10:H74.3	OMIM:601449
ICD-10:H83.8	OMIM:120040
ICD-10:A15	OMIM:607948
ICD-10:A16	OMIM:607948
ICD-10:L68.2	OMIM:600457
ICD-10:Q20.0	OMIM:217095
ICD-10:Q14.2	OMIM:611543
ICD-10:E77.0	OMIM:252605
ICD-10:E77.0	OMIM:252600
ICD-10:Q81.2	OMIM:226600
ICD-10:Q44.7	OMIM:118450
ICD-10:Q13.4	OMIM:604229
ICD-10:Q13.4	OMIM:612968
ICD-10:K72.0	OMIM:618641
ICD-10:K72.0	OMIM:616483
ICD-10:P22.0	OMIM:267450
ICD-10:D82.4	OMIM:611521
ICD-10:G51.8	OMIM:141300
ICD-10:Q70.2	OMIM:609432
ICD-10:H57.0	OMIM:103100
ICD-10:M91.8	OMIM:191520
ICD-10:L73.8	OMIM:604093
ICD-10:Q24.8	OMIM:107970
ICD-10:D23.5	OMIM:612099
ICD-10:D23.3	OMIM:612099
ICD-10:D23.5	OMIM:601606
ICD-10:D23.3	OMIM:601606
ICD-10:D18.0	OMIM:234810
ICD-10:E27.8	OMIM:611489
ICD-10:G72.8	OMIM:608358
ICD-10:E77.0	OMIM:252500
ICD-10:D35.2	OMIM:102200
ICD-10:C92.4	OMIM:612376
ICD-10:E76.0	OMIM:607016
ICD-10:L99.0*	OMIM:105250
ICD-10:L99.0*	OMIM:613955
ICD-10:D50.8	OMIM:206200
ICD-10:Q80.3	OMIM:620148
ICD-10:Q80.3	OMIM:607602
ICD-10:L93.2	OMIM:610448
ICD-10:L93.2	OMIM:614415
ICD-10:M35.8	OMIM:301054
ICD-10:Q80.3	OMIM:113800
ICD-10:M31.1	OMIM:274150
ICD-10:Q80.4	OMIM:242500
ICD-10:Q25.8	OMIM:617039
ICD-10:Q25.8	OMIM:617035
ICD-10:Q25.8	OMIM:607411
ICD-10:Q16.1	OMIM:108760
ICD-10:Q16.1	OMIM:607842
ICD-10:C32.8	OMIM:275355
ICD-10:H90.5	OMIM:300700
ICD-10:D81.4	OMIM:242700
ICD-10:Q30.8	OMIM:123050
ICD-10:E80.6	OMIM:237500
ICD-10:Q76.1	OMIM:214300
ICD-10:Q76.1	OMIM:118100
ICD-10:Q76.1	OMIM:613702
ICD-10:C34.8	OMIM:601200
ICD-10:M35.8	OMIM:615934
ICD-10:Q28.2	OMIM:108010
ICD-10:E83.0	OMIM:121270
ICD-10:M30.8	OMIM:615688
ICD-10:I78.0	OMIM:187300
ICD-10:I78.0	OMIM:610655
ICD-10:I78.0	OMIM:600376
ICD-10:I78.0	OMIM:601101
ICD-10:I78.0	OMIM:615506
ICD-10:C62.9	OMIM:273300
ICD-10:D76.3	OMIM:602782
ICD-10:E76.0	OMIM:607014
ICD-10:E76.0	OMIM:607015
ICD-10:M08.2	OMIM:618795
ICD-10:M08.2	OMIM:604302
ICD-10:P72.2	OMIM:607200
ICD-10:Q89.0	OMIM:271400
ICD-10:Q44.2	OMIM:210500
ICD-10:C11.0	OMIM:161550
ICD-10:C11.2	OMIM:161550
ICD-10:C11.3	OMIM:161550
ICD-10:C11.1	OMIM:161550
ICD-10:C11.0	OMIM:617075
ICD-10:C11.2	OMIM:617075
ICD-10:C11.3	OMIM:617075
ICD-10:C11.1	OMIM:617075
ICD-10:C11.0	OMIM:607107
ICD-10:C11.2	OMIM:607107
ICD-10:C11.3	OMIM:607107
ICD-10:C11.1	OMIM:607107
ICD-10:C74.0	OMIM:202300
ICD-10:Q74.1	OMIM:147891
ICD-10:M06.8	OMIM:606835
ICD-10:M34.8	OMIM:181750
ICD-10:M34.0	OMIM:181750
ICD-10:M34.1	OMIM:181750
ICD-10:M34.9	OMIM:181750
ICD-10:M34.2	OMIM:181750
ICD-10:N62	OMIM:113670
ICD-10:Q68.1	OMIM:114200
ICD-10:D55.2	OMIM:235700
ICD-10:M35.4	OMIM:226350
ICD-10:Q79.2	OMIM:182210
ICD-10:L99.0*	OMIM:617920
ICD-10:L87.1	OMIM:216700
ICD-10:E83.2	OMIM:194470
ICD-10:G37.8	OMIM:300232
ICD-10:P28.0	OMIM:265120
ICD-10:J84.8	OMIM:610913
ICD-10:E55.0	OMIM:264700
ICD-10:E55.0	OMIM:600081
ICD-10:E74.3	OMIM:606824
ICD-10:C88.0	OMIM:610430
ICD-10:C88.0	OMIM:153600
ICD-10:C34.9	OMIM:601200
ICD-10:C34.2	OMIM:601200
ICD-10:C34.3	OMIM:601200
ICD-10:C34.1	OMIM:601200
ICD-10:N16.3*	OMIM:219800
ICD-10:E72.0+	OMIM:219800
ICD-10:G25.5	OMIM:616922
ICD-10:C13.0	OMIM:275355
ICD-10:C13.2	OMIM:275355
ICD-10:C13.8	OMIM:275355
ICD-10:C12	OMIM:275355
ICD-10:J38.0	OMIM:193240
ICD-10:Q10.0	OMIM:178330
ICD-10:D47.1	OMIM:616604
ICD-10:L21.1	OMIM:609536
ICD-10:N25.1	OMIM:221995
ICD-10:E31.0	OMIM:269200
ICD-10:L63.1	OMIM:104000
ICD-10:L63.1	OMIM:610753
ICD-10:L63.1	OMIM:203655
ICD-10:Q85.1	OMIM:613254
ICD-10:Q85.1	OMIM:191100
ICD-10:K63.9	OMIM:614162
ICD-10:Q35	OMIM:119540
ICD-10:Q82.5	OMIM:605827
ICD-10:L13.0	OMIM:601230
ICD-10:E88.2	OMIM:614103
ICD-10:D68.0	OMIM:314560
ICD-10:D68.0	OMIM:193400
ICD-10:E88.0	OMIM:617936
ICD-10:Q78.3	OMIM:131300
ICD-10:R77.2	OMIM:615970
ICD-10:R77.2	OMIM:615969
ICD-10:Q66.8	OMIM:119800
ICD-10:Q66.8	OMIM:613618
ICD-10:Q60.4	OMIM:120330
ICD-10:Q18.8	OMIM:614687
ICD-10:Q77.4	OMIM:146000
ICD-10:E53.8	OMIM:253270
ICD-10:Q21.3	OMIM:187500
ICD-10:Q21.3	OMIM:618780
ICD-10:E80.5	OMIM:606785
ICD-10:E74.1	OMIM:229800
ICD-10:E83.0	OMIM:609313
ICD-10:M81.5	OMIM:615221
ICD-10:M81.5	OMIM:259750
ICD-10:D11.0	OMIM:181030
ICD-10:L56.8	OMIM:600630
ICD-10:L56.8	OMIM:614621
ICD-10:L56.8	OMIM:614640
ICD-10:Q60.1	OMIM:191830
ICD-10:Q60.0	OMIM:191830
ICD-10:Q60.2	OMIM:191830
ICD-10:Q60.1	OMIM:615721
ICD-10:Q60.0	OMIM:615721
ICD-10:Q60.2	OMIM:615721
ICD-10:D04.8	OMIM:618373
ICD-10:Q51.2	OMIM:192050
ICD-10:D82.3	OMIM:308240
ICD-10:D82.3	OMIM:300635
ICD-10:C44.9	OMIM:135150
ICD-10:Q68.1	OMIM:109300
ICD-10:E31.8	OMIM:210740
ICD-10:K13.0	OMIM:118330
ICD-10:J84.8	OMIM:614748
ICD-10:L59.8	OMIM:133000
ICD-10:Q27.8	OMIM:112200
ICD-10:Q28.2	OMIM:618196
ICD-10:Q81.2	OMIM:131850
ICD-10:E16.3	OMIM:619290
ICD-10:M48.1	OMIM:106400
ICD-10:G80.1	OMIM:615075
ICD-10:Q81.2	OMIM:604129
ICD-10:D72.8	OMIM:162830
ICD-10:G51.4	OMIM:606703
ICD-10:G11.3	OMIM:208900
ICD-10:G11.3	OMIM:208910
ICD-10:E75.5	OMIM:213700
ICD-10:J84.8	OMIM:610921
ICD-10:I99	OMIM:611773
ICD-10:Q76.4	OMIM:272460
ICD-10:F71.1	OMIM:300055
ICD-10:F72.9	OMIM:309555
ICD-10:G23.3	OMIM:146500
ICD-10:G23.2	OMIM:146500
ICD-10:Q73.0	OMIM:601360
ICD-10:Q69.1	OMIM:174400
ICD-10:C16.9	OMIM:619182
ICD-10:D75.0	OMIM:133100
ICD-10:M89.8	OMIM:165800
ICD-10:Q75.1	OMIM:612247
ICD-10:G12.8	OMIM:616867
ICD-10:G12.8	OMIM:616866
ICD-10:K00.2	OMIM:166750
ICD-10:M89.4	OMIM:259100
ICD-10:M89.4	OMIM:614441
ICD-10:M89.4	OMIM:167100
ICD-10:D45	OMIM:263300
ICD-10:D23.9	OMIM:190340
ICD-10:Q04.6	OMIM:269160
ICD-10:E22.0	OMIM:102200
ICD-10:E22.0	OMIM:300943
ICD-10:E23.6	OMIM:201400
ICD-10:G25.5	OMIM:300438
ICD-10:F78.8	OMIM:300958
ICD-10:Q54.2	OMIM:146450
ICD-10:Q54.3	OMIM:146450
ICD-10:Q54.2	OMIM:300758
ICD-10:Q54.3	OMIM:300758
ICD-10:Q54.2	OMIM:300856
ICD-10:Q54.3	OMIM:300856
ICD-10:Q54.2	OMIM:300633
ICD-10:Q54.3	OMIM:300633
ICD-10:A81.8	OMIM:137440
ICD-10:Q98.6	OMIM:400042
ICD-10:Q98.6	OMIM:415000
ICD-10:I27.0	OMIM:178600
ICD-10:I27.0	OMIM:615342
ICD-10:C92.8	OMIM:601626
ICD-10:H31.2	OMIM:613144
ICD-10:H31.2	OMIM:613105
ICD-10:H31.2	OMIM:215500
ICD-10:Q75.1	OMIM:123500
ICD-10:Q10.6	OMIM:103420
ICD-10:Q10.6	OMIM:601549
ICD-10:Q04.4	OMIM:182230
ICD-10:E26.0	OMIM:103900
ICD-10:Q64.2	OMIM:618612
ICD-10:K10.8	OMIM:118400
ICD-10:Q60.1	OMIM:617805
ICD-10:Q60.1	OMIM:619887
ICD-10:E20.1	OMIM:103580
ICD-10:Q64.1	OMIM:258040
ICD-10:G11.3	OMIM:615919
ICD-10:E85.9	OMIM:254500
ICD-10:E85.4	OMIM:254500
ICD-10:D47.1	OMIM:613523
ICD-10:C69.3	OMIM:606661
ICD-10:C69.3	OMIM:606660
ICD-10:C69.3	OMIM:155720
ICD-10:Q13.4	OMIM:121400
ICD-10:Q13.4	OMIM:217300
ICD-10:Q90.0	OMIM:190685
ICD-10:Q90.1	OMIM:190685
ICD-10:Q90.9	OMIM:190685
ICD-10:Q90.2	OMIM:190685
ICD-10:H31.2	OMIM:108985
ICD-10:C88.4	OMIM:137245
ICD-10:E70.0	OMIM:261600
ICD-10:C96.4	OMIM:267730
ICD-10:E73.0	OMIM:223000
ICD-10:E07.8	OMIM:274300
ICD-10:E07.8	OMIM:188570
ICD-10:E07.8	OMIM:145650
ICD-10:Q33.8	OMIM:265300
ICD-10:Q99.2	OMIM:311360
ICD-10:Q93.4	OMIM:123450
ICD-10:L91.8	OMIM:260530
ICD-10:L10.0	OMIM:169610
ICD-10:D82.3	OMIM:618261
ICD-10:Q44.6	OMIM:600643
ICD-10:G12.0	OMIM:253400
ICD-10:G12.0	OMIM:253550
ICD-10:G12.0	OMIM:271150
ICD-10:G12.0	OMIM:253300
ICD-10:Q24.6	OMIM:234700
ICD-10:G23.1	OMIM:260540
ICD-10:Q45.8	OMIM:601346
ICD-10:I73.1	OMIM:211480
ICD-10:D67	OMIM:306900
ICD-10:D56.2	OMIM:141749
ICD-10:C00.1	OMIM:275355
ICD-10:D11.7	OMIM:181030
ICD-10:H50.8	OMIM:617041
ICD-10:H18.6	OMIM:614303
ICD-10:L72.2	OMIM:184500
ICD-10:D68.5	OMIM:613118
ICD-10:I71.4	OMIM:614375
ICD-10:I71.4	OMIM:100070
ICD-10:I71.4	OMIM:609782
ICD-10:I71.4	OMIM:611891
ICD-10:Q28.3	OMIM:152900
ICD-10:G25.5	OMIM:615356
ICD-10:Q56.3	OMIM:600122
ICD-10:H11.0	OMIM:178000
ICD-10:Q61.1	OMIM:617610
ICD-10:Q61.1	OMIM:263200
ICD-10:M32.0	OMIM:614420
ICD-10:M32.9	OMIM:614420
ICD-10:M32.1	OMIM:614420
ICD-10:M32.8	OMIM:614420
ICD-10:M32.0	OMIM:301080
ICD-10:M32.9	OMIM:301080
ICD-10:M32.1	OMIM:301080
ICD-10:M32.8	OMIM:301080
ICD-10:H90.5	OMIM:221200
ICD-10:G40.2	OMIM:608096
ICD-10:G40.2	OMIM:611631
ICD-10:H26.0	OMIM:116600
ICD-10:L57.8	OMIM:219095
ICD-10:G82.1	OMIM:309560
ICD-10:T78.3	OMIM:610618
ICD-10:T78.3	OMIM:300909
ICD-10:D68.5	OMIM:612336
ICD-10:D68.5	OMIM:614514
ICD-10:Q80.0	OMIM:146600
ICD-10:Q33.8	OMIM:130710
ICD-10:Q55.0	OMIM:273250
ICD-10:G61.0	OMIM:139393
ICD-10:M85.0	OMIM:607278
ICD-10:E80.2	OMIM:176200
ICD-10:G04.1	OMIM:159580
ICD-10:Q30.2	OMIM:109740
ICD-10:Q30.2	OMIM:210400
ICD-10:Q89.7	OMIM:613404
ICD-10:Q89.7	OMIM:208085
ICD-10:Q18.8	OMIM:151630
ICD-10:G90.5	OMIM:604335
ICD-10:G82.4	OMIM:612900
ICD-10:G82.4	OMIM:617008
ICD-10:O26.8	OMIM:178995
ICD-10:D57.0	OMIM:603903
ICD-10:D57.1	OMIM:603903
ICD-10:Q70.4	OMIM:175690
ICD-10:I34.1	OMIM:607829
ICD-10:I34.1	OMIM:157700
ICD-10:I34.1	OMIM:610840
ICD-10:C71.9	OMIM:612219
ICD-10:Q78.4	OMIM:137360
ICD-10:D51.2	OMIM:275350
ICD-10:E78.4	OMIM:614025
ICD-10:D66	OMIM:306700
ICD-10:C43.9	OMIM:155600
ICD-10:C43.9	OMIM:606719
ICD-10:D17.9	OMIM:206550
ICD-10:E88.2	OMIM:151900
ICD-10:Q20.3	OMIM:608808
ICD-10:Q20.3	OMIM:613854
ICD-10:A81.8	OMIM:245300
ICD-10:G10	OMIM:604802
ICD-10:G10	OMIM:603218
ICD-10:C15.2	OMIM:614266
ICD-10:C15.5	OMIM:614266
ICD-10:G50.8	OMIM:122450
ICD-10:D82.3	OMIM:618131
ICD-10:E85.4	OMIM:105210
ICD-10:I47.2	OMIM:615441
ICD-10:I47.2	OMIM:611938
ICD-10:I47.2	OMIM:604772
ICD-10:I47.2	OMIM:614021
ICD-10:I47.2	OMIM:614916
ICD-10:M31.4	OMIM:207600
ICD-10:F78.1	OMIM:300114
ICD-10:Q45.8	OMIM:615415
ICD-10:Q45.8	OMIM:208540
ICD-10:Q84.5	OMIM:260130
ICD-10:Q84.5	OMIM:167210
ICD-10:Q84.5	OMIM:167200
ICD-10:Q84.5	OMIM:615728
ICD-10:Q84.5	OMIM:615726
ICD-10:Q71.8	OMIM:147750
ICD-10:L50.2	OMIM:120100
ICD-10:E74.3	OMIM:222900
ICD-10:K80.8	OMIM:600803
ICD-10:G96.8	OMIM:601536
ICD-10:Q70.1	OMIM:186100
ICD-10:Q70.3	OMIM:609815
ICD-10:I49.0	OMIM:612956
ICD-10:I49.0	OMIM:603829
ICD-10:D55.2	OMIM:615512
ICD-10:C43.9	OMIM:614456
ICD-10:E24.8	OMIM:219080
ICD-10:E24.8	OMIM:615954
ICD-10:G50.0	OMIM:190400
ICD-10:D55.1	OMIM:619199
ICD-10:K83.1	OMIM:243300
ICD-10:Q25.7	OMIM:265140
ICD-10:G23.1	OMIM:609454
ICD-10:G23.1	OMIM:610898
ICD-10:G23.1	OMIM:601104
ICD-10:Q76.3	OMIM:613678
ICD-10:N25.1	OMIM:304800
ICD-10:N25.1	OMIM:125800
ICD-10:E20.8	OMIM:307700
ICD-10:E28.3	OMIM:241090
ICD-10:E20.8	OMIM:601198
ICD-10:E20.8	OMIM:615361
ICD-10:E88.0	OMIM:613490
ICD-10:E80.2	OMIM:121300
ICD-10:E84.8	OMIM:219721
ICD-10:I67.5	OMIM:607151
ICD-10:I67.5	OMIM:608796
ICD-10:I67.5	OMIM:252350
ICD-10:I67.5	OMIM:614042
ICD-10:E79.1	OMIM:300322
ICD-10:E79.1	OMIM:308950
ICD-10:M80.5	OMIM:300910
ICD-10:C97	OMIM:151623
ICD-10:C97	OMIM:609265
ICD-10:E70.2	OMIM:276710
ICD-10:C82.3	OMIM:613024
ICD-10:C82.7	OMIM:613024
ICD-10:C82.2	OMIM:613024
ICD-10:C82.1	OMIM:613024
ICD-10:C82.4	OMIM:613024
ICD-10:C82.9	OMIM:613024
ICD-10:C82.6	OMIM:613024
ICD-10:C82.0	OMIM:613024
ICD-10:C82.5	OMIM:613024
ICD-10:G96.8	OMIM:614458
ICD-10:Q98.8	OMIM:300979
ICD-10:G12.8	OMIM:602440
ICD-10:G37.0	OMIM:272100
ICD-10:Q82.3	OMIM:308300
ICD-10:G23.2	OMIM:271930
ICD-10:G23.2	OMIM:500003
ICD-10:O26.6	OMIM:147480
ICD-10:O26.6	OMIM:614972
ICD-10:E80.0	OMIM:300752
ICD-10:E16.1	OMIM:601820
ICD-10:Q83.0	OMIM:113700
ICD-10:Q83.0	OMIM:616001
ICD-10:Q64.1	OMIM:600057
ICD-10:C10.8	OMIM:275355
ICD-10:D55.2	OMIM:266200
ICD-10:N11.8	OMIM:614817
ICD-10:E88.2	OMIM:103200
ICD-10:C93.3	OMIM:613563
ICD-10:Q69.9	OMIM:225290
ICD-10:Q95.2	OMIM:129850
ICD-10:E74.1	OMIM:229700
ICD-10:C10.9	OMIM:614564
ICD-10:Q14.8	OMIM:120300
ICD-10:K22.0	OMIM:200400
ICD-10:B44.2	OMIM:614079
ICD-10:B44.1	OMIM:614079
ICD-10:B44.8	OMIM:614079
ICD-10:B44.7	OMIM:614079
ICD-10:B44.9	OMIM:614079
ICD-10:B44.0	OMIM:614079
ICD-10:J99.8*	OMIM:103920
ICD-10:B44.1+	OMIM:103920
ICD-10:I89.8	OMIM:208300
ICD-10:G11.3	OMIM:208920
ICD-10:Q82.5	OMIM:163000
ICD-10:D60.1	OMIM:227050
ICD-10:E85.1	OMIM:105120
ICD-10:E72.4	OMIM:258870
ICD-10:H30.1	OMIM:605808
ICD-10:F80.1	OMIM:600117
ICD-10:Q76.4	OMIM:122600
ICD-10:G96.8	OMIM:168885
ICD-10:M35.2	OMIM:109650
ICD-10:D55.0	OMIM:300908
ICD-10:D47.1	OMIM:131440
ICD-10:Q77.5	OMIM:256050
ICD-10:Q14.8	OMIM:120200
ICD-10:J47	OMIM:211400
ICD-10:J47	OMIM:613071
ICD-10:J47	OMIM:613021
ICD-10:E85.0+	OMIM:301220
ICD-10:L99.0*	OMIM:301220
ICD-10:D23.5	OMIM:132700
ICD-10:D23.5	OMIM:605041
ICD-10:D55.2	OMIM:222800
ICD-10:C34.9	OMIM:182280
ICD-10:Q10.4	OMIM:180920
ICD-10:Q38.4	OMIM:180920
ICD-10:D22.9	OMIM:137550
ICD-10:G25.3	OMIM:159950
ICD-10:D48.1	OMIM:228550
ICD-10:D48.1	OMIM:615293
ICD-10:J98.4	OMIM:265450
ICD-10:G25.3	OMIM:614937
ICD-10:L66.4	OMIM:209700
ICD-10:L66.4	OMIM:604093
ICD-10:Q14.1	OMIM:312700
ICD-10:D80.5	OMIM:308230
ICD-10:D80.5	OMIM:605258
ICD-10:G03.9	OMIM:182950
ICD-10:D22.5	OMIM:604919
ICD-10:D86.0	OMIM:612387
ICD-10:D86.8	OMIM:612387
ICD-10:D86.9	OMIM:612387
ICD-10:D86.1	OMIM:612387
ICD-10:D86.3	OMIM:612387
ICD-10:D86.2	OMIM:612387
ICD-10:D86.0	OMIM:612388
ICD-10:D86.8	OMIM:612388
ICD-10:D86.9	OMIM:612388
ICD-10:D86.1	OMIM:612388
ICD-10:D86.3	OMIM:612388
ICD-10:D86.2	OMIM:612388
ICD-10:D86.0	OMIM:181000
ICD-10:D86.8	OMIM:181000
ICD-10:D86.9	OMIM:181000
ICD-10:D86.1	OMIM:181000
ICD-10:D86.3	OMIM:181000
ICD-10:D86.2	OMIM:181000
ICD-10:Q92.8	OMIM:115470
ICD-10:Q78.4	OMIM:212780
ICD-10:Q70.9	OMIM:185800
ICD-10:Q70.9	OMIM:615298
ICD-10:E85.1	OMIM:105210
ICD-10:L81.4	OMIM:151001
ICD-10:E34.5	OMIM:300068
ICD-10:G10	OMIM:606438
ICD-10:Q77.4	OMIM:100800
ICD-10:G90.2	OMIM:143000
ICD-10:Q26.2	OMIM:106700
ICD-10:L50.4	OMIM:125630
ICD-10:E80.2	OMIM:176000
ICD-10:L56.4	OMIM:174770
ICD-10:C69.2	OMIM:180200
ICD-10:E16.1	OMIM:609968
ICD-10:Q84.6	OMIM:161050
ICD-10:C93.3	OMIM:607785
ICD-10:I77.1	OMIM:208050
ICD-10:J98.0	OMIM:189961
ICD-10:J98.0	OMIM:275300
ICD-10:D68.4	OMIM:610842
ICD-10:D32.9	OMIM:606190
ICD-10:K29.6	OMIM:137280
ICD-10:Q78.4	OMIM:156250
ICD-10:D23.9	OMIM:614327
ICD-10:G99.1	OMIM:133020
ICD-10:G99.1	OMIM:615551
ICD-10:L60.3	OMIM:161050
ICD-10:P00.4	OMIM:615026
ICD-10:I68.0*	OMIM:105150
ICD-10:G43.1	OMIM:602481
ICD-10:G43.1	OMIM:609634
ICD-10:G43.1	OMIM:607516
ICD-10:G43.1	OMIM:141500
ICD-10:M11.1	OMIM:118600
ICD-10:M11.1	OMIM:600668
ICD-10:D56.4	OMIM:142335
ICD-10:D56.4	OMIM:141749
ICD-10:D56.4	OMIM:305435
ICD-10:D56.4	OMIM:613566
ICD-10:D56.4	OMIM:142470
ICD-10:D47.3	OMIM:187950
ICD-10:D47.3	OMIM:614521
ICD-10:D47.3	OMIM:601977
ICD-10:M93.2	OMIM:165700
ICD-10:Q18.4	OMIM:613545
ICD-10:Q76.3	OMIM:271630
ICD-10:Q39.5	OMIM:200450
ICD-10:C71.7	OMIM:260500
ICD-10:D72.8	OMIM:614470
ICD-10:Q22.5	OMIM:224700
ICD-10:Q12.1	OMIM:129600
ICD-10:Q12.1	OMIM:225200
ICD-10:Q12.1	OMIM:225100
ICD-10:E25.8	OMIM:604931
ICD-10:E25.8	OMIM:614662
ICD-10:K74.6	OMIM:604901
ICD-10:M93.2	OMIM:165800
ICD-10:E70.2	OMIM:276600
ICD-10:K74.6	OMIM:215600
ICD-10:Q84.0	OMIM:212360
ICD-10:Q17.2	OMIM:600674
ICD-10:Q17.2	OMIM:128800
ICD-10:D72.8	OMIM:615518
ICD-10:Q79.2	OMIM:310980
ICD-10:Q79.2	OMIM:164750
ICD-10:L90.5	OMIM:217090
ICD-10:Q45.1	OMIM:167750
ICD-10:O99.2	OMIM:603373
ICD-10:E05.8	OMIM:603373
ICD-10:E80.3	OMIM:614097
ICD-10:G51.2	OMIM:155900
ICD-10:D22.7	OMIM:249400
ICD-10:D22.4	OMIM:249400
ICD-10:D22.6	OMIM:249400
ICD-10:D22.5	OMIM:249400
ICD-10:D22.3	OMIM:249400
ICD-10:G60.2	OMIM:607250
ICD-10:L87.2	OMIM:130100
ICD-10:Q84.8	OMIM:601075
ICD-10:Q84.8	OMIM:207731
ICD-10:Q84.8	OMIM:600360
ICD-10:Q84.8	OMIM:107600
ICD-10:Q18.8	OMIM:600251
ICD-10:Q38.3	OMIM:612776
ICD-10:G80.8	OMIM:185480
ICD-10:Q14.1	OMIM:312550
ICD-10:G72.8	OMIM:600706
ICD-10:E74.3	OMIM:612119
ICD-10:K90.8	OMIM:270420
ICD-10:K90.8	OMIM:616868
ICD-10:D51.1	OMIM:261100
ICD-10:D51.1	OMIM:618882
ICD-10:P78.3	OMIM:614616
ICD-10:P76.0	OMIM:614665
ICD-10:E88.0	OMIM:209300
ICD-10:Q42.9	OMIM:303650
ICD-10:I70.9	OMIM:209010
ICD-10:Q39.0	OMIM:189960
ICD-10:Q39.1	OMIM:189960
ICD-10:Q82.5	OMIM:617025
ICD-10:E84.8	OMIM:219700
ICD-10:E84.0	OMIM:219700
ICD-10:E84.1	OMIM:219700
ICD-10:I26.0	OMIM:612862
ICD-10:Q84.6	OMIM:605779
ICD-10:D58.2	OMIM:613977
ICD-10:I89.8	OMIM:603523
ICD-10:D81.3	OMIM:102700
ICD-10:M21.8	OMIM:609220
ICD-10:M21.8	OMIM:259450
ICD-10:D72.0	OMIM:155100
ICD-10:D68.1	OMIM:612416
ICD-10:Q28.8	OMIM:614473
ICD-10:Q28.8	OMIM:208000
ICD-10:Q84.8	OMIM:601319
ICD-10:Q69.1	OMIM:174500
ICD-10:C26.9	OMIM:175510
ICD-10:C26.9	OMIM:606764
ICD-10:E80.0	OMIM:263700
ICD-10:J99.8*	OMIM:178550
ICD-10:E83.1+	OMIM:178550
ICD-10:J99.8*	OMIM:235500
ICD-10:E83.1+	OMIM:235500
ICD-10:C50.5	OMIM:613399
ICD-10:C50.2	OMIM:613399
ICD-10:C50.1	OMIM:613399
ICD-10:C50.4	OMIM:613399
ICD-10:C50.6	OMIM:613399
ICD-10:C50.0	OMIM:613399
ICD-10:C50.8	OMIM:613399
ICD-10:C50.3	OMIM:613399
ICD-10:C50.5	OMIM:604370
ICD-10:C50.2	OMIM:604370
ICD-10:C50.1	OMIM:604370
ICD-10:C50.4	OMIM:604370
ICD-10:C50.6	OMIM:604370
ICD-10:C50.0	OMIM:604370
ICD-10:C50.8	OMIM:604370
ICD-10:C50.3	OMIM:604370
ICD-10:C50.5	OMIM:612555
ICD-10:C50.2	OMIM:612555
ICD-10:C50.1	OMIM:612555
ICD-10:C50.4	OMIM:612555
ICD-10:C50.6	OMIM:612555
ICD-10:C50.0	OMIM:612555
ICD-10:C50.8	OMIM:612555
ICD-10:C50.3	OMIM:612555
ICD-10:C50.5	OMIM:114480
ICD-10:C50.2	OMIM:114480
ICD-10:C50.1	OMIM:114480
ICD-10:C50.4	OMIM:114480
ICD-10:C50.6	OMIM:114480
ICD-10:C50.0	OMIM:114480
ICD-10:C50.8	OMIM:114480
ICD-10:C50.3	OMIM:114480
ICD-10:N15.8	OMIM:263800
ICD-10:Q80.1	OMIM:308100
ICD-10:G25.3	OMIM:308350
ICD-10:G98	OMIM:104290
ICD-10:G98	OMIM:614820
ICD-10:Q82.2	OMIM:248910
ICD-10:Q56.0	OMIM:400045
ICD-10:D47.4	OMIM:254450
ICD-10:C95.0	OMIM:601626
ICD-10:L66.3	OMIM:260910
ICD-10:E31.0	OMIM:240300
ICD-10:Q67.4	OMIM:133900
ICD-10:Q67.4	OMIM:606773
ICD-10:G04.8	OMIM:184850
ICD-10:C25	OMIM:606856
ICD-10:C25	OMIM:260350
ICD-10:C25	OMIM:613347
ICD-10:C25	OMIM:613348
ICD-10:C25	OMIM:614320
ICD-10:Q89.7	OMIM:313850
ICD-10:E72.4	OMIM:311250
ICD-10:H26.8	OMIM:613763
ICD-10:H26.8	OMIM:600881
ICD-10:H26.8	OMIM:116100
ICD-10:R74.8	OMIM:123320
ICD-10:D50.8	OMIM:206100
ICD-10:Q14.8	OMIM:212550
ICD-10:E31.0	OMIM:304790
ICD-10:K63.8	OMIM:618372
ICD-10:E85.1	OMIM:105200
ICD-10:D16.4	OMIM:137575
ICD-10:D74.0	OMIM:250700
ICD-10:D74.0	OMIM:250790
ICD-10:D74.0	OMIM:250800
ICD-10:D75.1	OMIM:611783
ICD-10:D75.1	OMIM:609820
ICD-10:E23.6	OMIM:229070
ICD-10:A81.8	OMIM:600072
ICD-10:Q70.3	OMIM:185900
ICD-10:Q70.1	OMIM:185900
ICD-10:Q21.0	OMIM:105805
ICD-10:L12.1	OMIM:164185
ICD-10:H35.2	OMIM:193235
ICD-10:L81.4	OMIM:256710
ICD-10:Q77.5	OMIM:222600
ICD-10:I45.5	OMIM:108770
ICD-10:I45.5	OMIM:615745
ICD-10:E83.0	OMIM:277900
ICD-10:D02.3	OMIM:275355
ICD-10:E30.1	OMIM:176410
ICD-10:D69.3	OMIM:188030
ICD-10:D48.1	OMIM:135290
ICD-10:M88.8	OMIM:239000
ICD-10:M88.9	OMIM:239000
ICD-10:M88.0	OMIM:239000
ICD-10:C44.5	OMIM:167300
ICD-10:A81.1	OMIM:260470
ICD-10:J38.0	OMIM:150260
ICD-10:Q45.0	OMIM:260370
ICD-10:Q45.0	OMIM:615935
ICD-10:Q45.0	OMIM:167755
ICD-10:G51.0	OMIM:134200
ICD-10:D33.0	OMIM:260500
ICD-10:D55.2	OMIM:613470
ICD-10:E16.1	OMIM:610021
ICD-10:Q63.8	OMIM:267430
ICD-10:I73.8	OMIM:133020
ICD-10:F84.1	OMIM:615834
ICD-10:Q20.1	OMIM:217095
ICD-10:Q80.1	OMIM:300001
ICD-10:Q13.4	OMIM:304730
ICD-10:I82.0	OMIM:600880
ICD-10:M89.8	OMIM:114000
ICD-10:K83.0	OMIM:613806
ICD-10:K83.0	OMIM:602114
ICD-10:R77.0	OMIM:616000
ICD-10:D82.0	OMIM:614493
ICD-10:D82.0	OMIM:600903
ICD-10:D82.0	OMIM:301000
ICD-10:H33.0	OMIM:609508
ICD-10:Q12.3	OMIM:610256
ICD-10:Q76.3	OMIM:271530
ICD-10:E07.8	OMIM:145680
ICD-10:I25.4	OMIM:122455
ICD-10:C50.9	OMIM:613399
ICD-10:C56	OMIM:613399
ICD-10:C50.9	OMIM:614291
ICD-10:C56	OMIM:614291
ICD-10:C50.9	OMIM:604370
ICD-10:C56	OMIM:604370
ICD-10:C50.9	OMIM:612555
ICD-10:C56	OMIM:612555
ICD-10:Q25.1	OMIM:120000
ICD-10:E20.1	OMIM:603233
ICD-10:D55.3	OMIM:266120
ICD-10:D47.5	OMIM:607685
ICD-10:M89.8	OMIM:112250
ICD-10:K66.2	OMIM:228800
ICD-10:H91.8	OMIM:614896
ICD-10:G93.0	OMIM:207790
ICD-10:G93.0	OMIM:182990
ICD-10:O01.9	OMIM:614293
ICD-10:O01.1	OMIM:614293
ICD-10:O01.9	OMIM:231090
ICD-10:O01.1	OMIM:231090
ICD-10:A97.9	OMIM:614371
ICD-10:A97.0	OMIM:614371
ICD-10:A97.1	OMIM:614371
ICD-10:A97.2	OMIM:614371
ICD-10:L50.2	OMIM:614468
ICD-10:L51.1	OMIM:608579
ICD-10:C96.6	OMIM:604856
ICD-10:C96.0	OMIM:604856
ICD-10:C96.5	OMIM:604856
ICD-10:I71.0	OMIM:607086
ICD-10:P78.3	OMIM:251850
ICD-10:P78.3	OMIM:619445
ICD-10:J39.2	OMIM:167500
ICD-10:H50.8	OMIM:604356
ICD-10:H50.8	OMIM:126800
ICD-10:H50.8	OMIM:616219
ICD-10:H16.8	OMIM:148190
ICD-10:M30.3	OMIM:611775
ICD-10:D18.0	OMIM:141000
ICD-10:C92.1	OMIM:608232
ICD-10:J44.8	OMIM:604809
ICD-10:K76.5	OMIM:235550
ICD-10:H35.1	OMIM:133780
ICD-10:H53.8	OMIM:608415
ICD-10:P56.0	OMIM:236750
ICD-10:P56.9	OMIM:236750
ICD-10:Q84.0	OMIM:146550
ICD-10:Q84.0	OMIM:612841
ICD-10:R82.1	OMIM:160010
ICD-10:D52.8	OMIM:229050
ICD-10:D47.7	OMIM:159595
ICD-10:B07	OMIM:305350
ICD-10:B07	OMIM:226400
ICD-10:B07	OMIM:618267
ICD-10:B07	OMIM:618309
ICD-10:B07	OMIM:618231
ICD-10:Q76.0	OMIM:600145
ICD-10:D16.5	OMIM:164330
ICD-10:K76.0	OMIM:619324
ICD-10:K76.0	OMIM:614480
ICD-10:L30.8	OMIM:148370
ICD-10:L81.3	OMIM:114030
ICD-10:E20.1	OMIM:203330
ICD-10:C56	OMIM:273300
ICD-10:Q13.3	OMIM:181700
ICD-10:Q55.4	OMIM:277180
ICD-10:Q55.4	OMIM:300985
ICD-10:G98	OMIM:615760
ICD-10:Q18.8	OMIM:600679
ICD-10:Q14.0	OMIM:611308
ICD-10:Q14.0	OMIM:221900
ICD-10:K00.2	OMIM:147251
ICD-10:H26.0	OMIM:600886
ICD-10:I89.0	OMIM:152800
ICD-10:Q44.6	OMIM:174050
ICD-10:Q44.6	OMIM:617004
ICD-10:K13.7	OMIM:158310
ICD-10:I67.5	OMIM:615750
ICD-10:D43	OMIM:155755
ICD-10:D80.8	OMIM:619097
ICD-10:D80.8	OMIM:619096
ICD-10:D80.8	OMIM:276300
ICD-10:D80.8	OMIM:619101
ICD-10:N07.6	OMIM:137950
ICD-10:N07.6	OMIM:601894
ICD-10:D81.0	OMIM:267500
ICD-10:E80.3	OMIM:254600
ICD-10:C84.0	OMIM:254400
ICD-10:G47.8	OMIM:148840
ICD-10:D82.2	OMIM:200900
ICD-10:D58.0	OMIM:612690
ICD-10:D58.0	OMIM:616649
ICD-10:D58.0	OMIM:182900
ICD-10:D58.0	OMIM:270970
ICD-10:D58.0	OMIM:612653
ICD-10:D32.9	OMIM:607174
ICD-10:D23.6	OMIM:132600
ICD-10:D23.3	OMIM:132600
ICD-10:D74.0	OMIM:617971
ICD-10:D74.0	OMIM:617973
ICD-10:T86.0	OMIM:614395
ICD-10:E85.2	OMIM:254500
ICD-10:E85.3	OMIM:254500
ICD-10:E85.1	OMIM:254500
ICD-10:I77.8	OMIM:602248
ICD-10:Q03.0	OMIM:307000
ICD-10:Q03.9	OMIM:236600
ICD-10:Q03.0	OMIM:236600
ICD-10:Q03.9	OMIM:615219
ICD-10:Q03.8	OMIM:615219
ICD-10:Q03.1	OMIM:615219
ICD-10:Q03.0	OMIM:615219
ICD-10:C22.2	OMIM:114550
ICD-10:Q72.5	OMIM:275220
ICD-10:Q10.5	OMIM:149700
ICD-10:Q04.0	OMIM:304050
ICD-10:E70.2	OMIM:203500
ICD-10:Q78.1	OMIM:174800
ICD-10:M79.6	OMIM:615040
ICD-10:G72.8	OMIM:245340
ICD-10:G25.3	OMIM:190100
ICD-10:E75.1	OMIM:252650
ICD-10:R82.1	OMIM:268200
ICD-10:R82.1	OMIM:550500
ICD-10:Q10.7	OMIM:165600
ICD-10:D72.8	OMIM:606445
ICD-10:G72.8	OMIM:255160
ICD-10:I27.0	OMIM:615344
ICD-10:I27.0	OMIM:615343
ICD-10:I27.0	OMIM:265400
ICD-10:N98.1	OMIM:608115
ICD-10:Q84.3	OMIM:106750
ICD-10:G60.2	OMIM:606002
ICD-10:G60.2	OMIM:615217
ICD-10:G90.6	OMIM:604335
ICD-10:D81.6	OMIM:241600
ICD-10:D81.6	OMIM:604571
ICD-10:E26.0	OMIM:615474
ICD-10:Q18.0	OMIM:113600
ICD-10:Q33.6	OMIM:265380
ICD-10:Q56.0	OMIM:610644
ICD-10:C19	OMIM:608615
ICD-10:E78.4	OMIM:143470
ICD-10:G11.3	OMIM:604391
ICD-10:Q22.6	OMIM:277200
ICD-10:D82.1	OMIM:192430
ICD-10:D82.1	OMIM:188400
ICD-10:D82.1	OMIM:125520
ICD-10:H53.8	OMIM:300843
ICD-10:Q89.2	OMIM:188455
ICD-10:G47.2	OMIM:615224
ICD-10:G47.2	OMIM:604348
ICD-10:G47.2	OMIM:620015
ICD-10:G47.2	OMIM:616882
ICD-10:F78.1	OMIM:616269
ICD-10:L72.8	OMIM:158320
ICD-10:E30.1	OMIM:139300
ICD-10:Q65.8	OMIM:142669
ICD-10:E70.2	OMIM:140350
ICD-10:Q74.2	OMIM:234280
ICD-10:D48.5	OMIM:132800
ICD-10:G70.0	OMIM:159400
ICD-10:G70.0	OMIM:607085
ICD-10:G70.0	OMIM:254200
ICD-10:C76.7	OMIM:215400
ICD-10:Q75.1	OMIM:201180
ICD-10:N04.0	OMIM:615861
ICD-10:Q84.6	OMIM:106995
ICD-10:D47.7	OMIM:148000
ICD-10:E30.8	OMIM:615363
ICD-10:E53.8	OMIM:253260
ICD-10:H51.8	OMIM:257550
ICD-10:D18.0	OMIM:607859
ICD-10:D18.0	OMIM:106070
ICD-10:Q81.2	OMIM:131705
ICD-10:D53.1	OMIM:249270
ICD-10:Q35.3	OMIM:119570
ICD-10:Q71.8	OMIM:181450
ICD-10:M35.8	OMIM:600705
ICD-10:Q18.8	OMIM:113620
ICD-10:I77.8	OMIM:211800
ICD-10:C62.1	OMIM:273300
ICD-10:E83.0	OMIM:309400
ICD-10:Q51.8	OMIM:601076
ICD-10:M85.0	OMIM:614078
ICD-10:Q60.0	OMIM:617805
ICD-10:B55.0	OMIM:608207
ICD-10:B55.9	OMIM:608207
ICD-10:B55.2	OMIM:608207
ICD-10:B55.1	OMIM:608207
ICD-10:Q23.4	OMIM:241550
ICD-10:Q23.4	OMIM:614435
ICD-10:E80.6	OMIM:237450
ICD-10:G54.5	OMIM:162100
ICD-10:J93.1	OMIM:173600
ICD-10:D51.0	OMIM:261000
ICD-10:D51.0	OMIM:243320
ICD-10:N15.8	OMIM:274240
ICD-10:Q03.1	OMIM:123155
ICD-10:Q77.6	OMIM:225500
ICD-10:Q77.6	OMIM:617088
ICD-10:Q77.6	OMIM:618123
ICD-10:Q76.3	OMIM:601216
ICD-10:L44.0	OMIM:173200
ICD-10:Q27.8	OMIM:600195
ICD-10:Q83.3	OMIM:163700
ICD-10:Q74.3	OMIM:208100
ICD-10:N07.8	OMIM:256020
ICD-10:Q10.0	OMIM:178300
ICD-10:Q10.0	OMIM:300245
ICD-10:Q10.0	OMIM:616219
ICD-10:E72.4	OMIM:238970
ICD-10:H91.8	OMIM:301018
ICD-10:D81.7	OMIM:209920
ICD-10:M91.1	OMIM:150600
ICD-10:Q84.4	OMIM:151600
ICD-10:Q70.9	OMIM:185700
ICD-10:L98.2	OMIM:608068
ICD-10:D18.0	OMIM:606893
ICD-10:Q70.4	OMIM:186200
ICD-10:K00.8	OMIM:125350
ICD-10:G60.2	OMIM:245100
ICD-10:L21.8	OMIM:610227
ICD-10:K90.8	OMIM:226200
ICD-10:C22.1	OMIM:615619
ICD-10:C24.8	OMIM:615619
ICD-10:C24.0	OMIM:615619
ICD-10:C24.9	OMIM:615619
ICD-10:Q30.0	OMIM:608911
ICD-10:Q77.4	OMIM:616482
ICD-10:M35.8	OMIM:612394
ICD-10:O14.1	OMIM:609402
ICD-10:O14.9	OMIM:609402
ICD-10:O14.2	OMIM:609402
ICD-10:O14.0	OMIM:609402
ICD-10:O14.1	OMIM:609404
ICD-10:O14.9	OMIM:609404
ICD-10:O14.2	OMIM:609404
ICD-10:O14.0	OMIM:609404
ICD-10:O14.1	OMIM:609403
ICD-10:O14.9	OMIM:609403
ICD-10:O14.2	OMIM:609403
ICD-10:O14.0	OMIM:609403
ICD-10:O14.1	OMIM:614595
ICD-10:O14.9	OMIM:614595
ICD-10:O14.2	OMIM:614595
ICD-10:O14.0	OMIM:614595
ICD-10:O14.1	OMIM:189800
ICD-10:O14.9	OMIM:189800
ICD-10:O14.2	OMIM:189800
ICD-10:O14.0	OMIM:189800
ICD-10:L51.2	OMIM:608579
ICD-10:A24.2	OMIM:615557
ICD-10:A24.4	OMIM:615557
ICD-10:A24.1	OMIM:615557
ICD-10:A24.3	OMIM:615557
ICD-10:P72.2	OMIM:228355
ICD-10:A92.3	OMIM:610379
ICD-10:C91.0	OMIM:615545
ICD-10:E78.2	OMIM:617347
ICD-10:D55.1	OMIM:618660
ICD-10:C94.0	OMIM:133180
ICD-10:L72.2	OMIM:184510
ICD-10:Q22.1	OMIM:265500
